<?xml version="1.0" encoding="UTF-8"?>
<manifest identifier="man00001" xmlns:bb="http://www.blackboard.com/content-packaging/"><organizations
   default="toc00001"><organization identifier="toc00001"><item identifier="itm00001"
    identifierref="res00005"><title>Announcements</title></item><item identifier="itm00002"
    identifierref="res00006"><title>Home Page</title></item><item identifier="itm00003"
    identifierref="res00007"><title>divider_1361990736478</title></item><item identifier="itm00004"
    identifierref="res00008"><title>COURSE MATERIALS</title></item><item identifier="itm00005"
    identifierref="res00009"><title>divider_1413312082704</title></item><item identifier="itm00006"
     identifierref="res00010"><title>Getting Started</title><item identifier="itm00033"
      identifierref="res00049"><title>--TOP--</title><item identifier="itm00034"
      identifierref="res00050"><title>Instructions</title></item><item identifier="itm00035"
      identifierref="res00051"><title>Edit Personal Information and Profile</title></item><item identifier="itm00036"
      identifierref="res00052"><title>Welcome Letter</title></item><item identifier="itm00037"
      identifierref="res00053"><title>Critical Path</title></item><item identifier="itm00038"
      identifierref="res00054"><title>Add Course Outline Here</title></item><item identifier="itm00039"
      identifierref="res00055"><title>Instructor Contact Information</title></item><item identifier="itm00040"
      identifierref="res00056"><title>Copyright</title></item><item identifier="itm00041"
      identifierref="res00057"><title>Netiquette &amp; Accessible Use Policy</title></item><item identifier="itm00042"
      identifierref="res00058"><title>What To Do Next?</title></item><item identifier="itm00043"
       identifierref="res00059"><title>Sample Course Templates</title><item identifier="itm00044"
       identifierref="res00060"><title>Module Template</title></item><item identifier="itm00045"
       identifierref="res00061"><title>Professor's Notes</title></item><item identifier="itm00046"
       identifierref="res00062"><title>Next Steps</title></item><item identifier="itm00047"
    identifierref="res00063"><title>Activities Template</title></item></item></item></item><item identifier="itm00007"
     identifierref="res00011"><title>Learning Materials</title><item identifier="itm00048"
      identifierref="res00064"><title>--TOP--</title><item identifier="itm00049"
       identifierref="res00065"><title>About Learning Modules</title><item identifier="itm00065"
       identifierref="res00081"><title>About Learning Module</title></item><item identifier="itm00066"
      identifierref="res00082"><title>How To</title></item></item><item identifier="itm00050"
      identifierref="res00066"><title>Module 1</title></item><item identifier="itm00051"
      identifierref="res00067"><title>Module 2</title></item><item identifier="itm00052"
      identifierref="res00068"><title>Module 3</title></item><item identifier="itm00053"
      identifierref="res00069"><title>Module 4</title></item><item identifier="itm00054"
      identifierref="res00070"><title>Module 5</title></item><item identifier="itm00055"
      identifierref="res00071"><title>Module 6</title></item><item identifier="itm00056"
      identifierref="res00072"><title>Module 7</title></item><item identifier="itm00057"
      identifierref="res00073"><title>Module 8</title></item><item identifier="itm00058"
      identifierref="res00074"><title>Module 9</title></item><item identifier="itm00059"
      identifierref="res00075"><title>Module 10</title></item><item identifier="itm00060"
      identifierref="res00076"><title>Module 11</title></item><item identifier="itm00061"
      identifierref="res00077"><title>Module 12</title></item><item identifier="itm00062"
      identifierref="res00078"><title>Module 13</title></item><item identifier="itm00063"
      identifierref="res00079"><title>Module 14</title></item><item identifier="itm00064"
    identifierref="res00080"><title>Module 15</title></item></item></item><item identifier="itm00008"
     identifierref="res00012"><title>Course Readings</title><item identifier="itm00067"
      identifierref="res00083"><title>--TOP--</title><item identifier="itm00068"
       identifierref="res00084"><title>Course Readings</title><item identifier="itm00069"
       identifierref="res00085"><title>What Can Be Added to the Course Readings Folder?</title></item><item
       identifier="itm00070"
    identifierref="res00086"><title>About Course Readings</title></item></item></item></item><item identifier="itm00009"
    identifierref="res00013"><title>divider_1383751512120</title></item><item identifier="itm00010"
     identifierref="res00014"><title>Research &amp;amp; Cite Resources</title><item identifier="itm00071"
      identifierref="res00087"><title>--TOP--</title><item identifier="itm00072"
    identifierref="res00088"><title>Research &amp; Cite Resources</title></item></item></item><item
    identifier="itm00011" identifierref="res00015"><title>Student &amp; Faculty Humber Resources</title><item
     identifier="itm00073" identifierref="res00089"><title>--TOP--</title><item identifier="itm00074"
      identifierref="res00090"><title>Humber Student Resources</title></item><item identifier="itm00075"
    identifierref="res00091"><title>Humber Faculty Resources</title></item></item></item><item identifier="itm00012"
    identifierref="res00016"><title>divider_1355261450895</title></item><item identifier="itm00013"
    identifierref="res00017"><title>COURSE TOOLS</title></item><item identifier="itm00014"
    identifierref="res00018"><title>divider_1384373710475</title></item><item identifier="itm00015"
     identifierref="res00019"><title>Assessments</title><item identifier="itm00076"
      identifierref="res00092"><title>--TOP--</title><item identifier="itm00077"
       identifierref="res00093"><title>About Assessments</title><item identifier="itm00079"
       identifierref="res00095"><title>About Assessments</title></item><item identifier="itm00080"
      identifierref="res00096"><title>How To</title></item></item><item identifier="itm00078"
    identifierref="res00094"><title>SAMPLE: Test 1</title></item></item></item><item identifier="itm00016"
     identifierref="res00020"><title>Assignments</title><item identifier="itm00081"
      identifierref="res00097"><title>--TOP--</title><item identifier="itm00082"
      identifierref="res00098"><title>How to Submit an Assignment in Blackboard Learn</title></item><item
      identifier="itm00083" identifierref="res00099"><title>About Assignments</title><item identifier="itm00084"
       identifierref="res00100"><title>About Assignments</title></item><item identifier="itm00085"
    identifierref="res00101"><title>How To</title></item></item></item></item><item identifier="itm00017"
    identifierref="res00021"><title>Blackboard Collaborate</title></item><item identifier="itm00018"
    identifierref="res00022"><title>Blogs</title></item><item identifier="itm00019"
    identifierref="res00023"><title>Calendar</title></item><item identifier="itm00020"
    identifierref="res00024"><title>Course Messages</title></item><item identifier="itm00021"
    identifierref="res00025"><title>Discussion Board</title></item><item identifier="itm00022"
    identifierref="res00026"><title>Groups</title></item><item identifier="itm00023"
    identifierref="res00027"><title>Journals</title></item><item identifier="itm00024"
    identifierref="res00028"><title>Wikis</title></item><item identifier="itm00025"
    identifierref="res00029"><title>divider_1355259856668</title></item><item identifier="itm00026"
    identifierref="res00030"><title>STUDENT TOOLS</title></item><item identifier="itm00027"
    identifierref="res00031"><title>divider_1366821586962</title></item><item identifier="itm00028"
    identifierref="res00032"><title>My Achievements</title></item><item identifier="itm00029"
    identifierref="res00033"><title>My Grades</title></item><item identifier="itm00030"
    identifierref="res00034"><title>Student Help</title></item><item
     identifier="itm00031"><title>placeholder/staff-info</title><item identifier="itm00032"
   identifierref="res00048"><title>First_Name Last_Name</title></item></item></organization></organizations><resources><resource
   bb:file="res00001.dat" bb:title=".DEV_humber-template6_w15" identifier="res00001" type="course/x-bb-coursesetting"
   xml:base="res00001"/><resource bb:file="res00002.dat" bb:title="Learning Standard Sub Document Associations"
   identifier="res00002" type="course/x-bb-subdocassociation" xml:base="res00002"/><resource bb:file="res00003.dat"
   bb:title="Course Application Settings" identifier="res00003" type="course/x-bb-courseappsetting"
   xml:base="res00003"/><resource bb:file="res00004.dat" bb:title="Course Navigation Settings" identifier="res00004"
   type="course/x-bb-coursenavsetting" xml:base="res00004"/><resource bb:file="res00005.dat" bb:title="Announcements"
   identifier="res00005" type="course/x-bb-coursetoc" xml:base="res00005"/><resource bb:file="res00006.dat"
   bb:title="Home Page" identifier="res00006" type="course/x-bb-coursetoc" xml:base="res00006"/><resource
   bb:file="res00007.dat" bb:title="divider_1361990736478" identifier="res00007" type="course/x-bb-coursetoc"
   xml:base="res00007"/><resource bb:file="res00008.dat" bb:title="COURSE MATERIALS" identifier="res00008"
   type="course/x-bb-coursetoc" xml:base="res00008"/><resource bb:file="res00009.dat" bb:title="divider_1413312082704"
   identifier="res00009" type="course/x-bb-coursetoc" xml:base="res00009"/><resource bb:file="res00010.dat"
   bb:title="Getting Started" identifier="res00010" type="course/x-bb-coursetoc" xml:base="res00010"/><resource
   bb:file="res00011.dat" bb:title="Learning Materials" identifier="res00011" type="course/x-bb-coursetoc"
   xml:base="res00011"/><resource bb:file="res00012.dat" bb:title="Course Readings" identifier="res00012"
   type="course/x-bb-coursetoc" xml:base="res00012"/><resource bb:file="res00013.dat" bb:title="divider_1383751512120"
   identifier="res00013" type="course/x-bb-coursetoc" xml:base="res00013"/><resource bb:file="res00014.dat"
   bb:title="Research &amp;amp; Cite Resources" identifier="res00014" type="course/x-bb-coursetoc"
   xml:base="res00014"/><resource bb:file="res00015.dat" bb:title="Student &amp; Faculty Humber Resources"
   identifier="res00015" type="course/x-bb-coursetoc" xml:base="res00015"/><resource bb:file="res00016.dat"
   bb:title="divider_1355261450895" identifier="res00016" type="course/x-bb-coursetoc" xml:base="res00016"/><resource
   bb:file="res00017.dat" bb:title="COURSE TOOLS" identifier="res00017" type="course/x-bb-coursetoc"
   xml:base="res00017"/><resource bb:file="res00018.dat" bb:title="divider_1384373710475" identifier="res00018"
   type="course/x-bb-coursetoc" xml:base="res00018"/><resource bb:file="res00019.dat" bb:title="Assessments"
   identifier="res00019" type="course/x-bb-coursetoc" xml:base="res00019"/><resource bb:file="res00020.dat"
   bb:title="Assignments" identifier="res00020" type="course/x-bb-coursetoc" xml:base="res00020"/><resource
   bb:file="res00021.dat" bb:title="Blackboard Collaborate" identifier="res00021" type="course/x-bb-coursetoc"
   xml:base="res00021"/><resource bb:file="res00022.dat" bb:title="Blogs" identifier="res00022"
   type="course/x-bb-coursetoc" xml:base="res00022"/><resource bb:file="res00023.dat" bb:title="Calendar"
   identifier="res00023" type="course/x-bb-coursetoc" xml:base="res00023"/><resource bb:file="res00024.dat"
   bb:title="Course Messages" identifier="res00024" type="course/x-bb-coursetoc" xml:base="res00024"/><resource
   bb:file="res00025.dat" bb:title="Discussion Board" identifier="res00025" type="course/x-bb-coursetoc"
   xml:base="res00025"/><resource bb:file="res00026.dat" bb:title="Groups" identifier="res00026"
   type="course/x-bb-coursetoc" xml:base="res00026"/><resource bb:file="res00027.dat" bb:title="Journals"
   identifier="res00027" type="course/x-bb-coursetoc" xml:base="res00027"/><resource bb:file="res00028.dat"
   bb:title="Wikis" identifier="res00028" type="course/x-bb-coursetoc" xml:base="res00028"/><resource
   bb:file="res00029.dat" bb:title="divider_1355259856668" identifier="res00029" type="course/x-bb-coursetoc"
   xml:base="res00029"/><resource bb:file="res00030.dat" bb:title="STUDENT TOOLS" identifier="res00030"
   type="course/x-bb-coursetoc" xml:base="res00030"/><resource bb:file="res00031.dat" bb:title="divider_1366821586962"
   identifier="res00031" type="course/x-bb-coursetoc" xml:base="res00031"/><resource bb:file="res00032.dat"
   bb:title="My Achievements" identifier="res00032" type="course/x-bb-coursetoc" xml:base="res00032"/><resource
   bb:file="res00033.dat" bb:title="My Grades" identifier="res00033" type="course/x-bb-coursetoc"
   xml:base="res00033"/><resource bb:file="res00034.dat" bb:title="Student Help" identifier="res00034"
   type="course/x-bb-coursetoc" xml:base="res00034"/><resource bb:file="res00035.dat" bb:title="Content Handler Data"
   identifier="res00035" type="course/x-bb-contenthandler" xml:base="res00035"/><resource bb:file="res00036.dat"
   bb:title="Groups" identifier="res00036" type="course/x-bb-group" xml:base="res00036"/><resource
   bb:file="res00037.dat" bb:title="Available Group Tools" identifier="res00037" type="course/x-bb-availgrouptool"
   xml:base="res00037"/><resource bb:file="res00038.dat" bb:title="SAMPLE: Test 1" identifier="res00038"
   type="assessment/x-bb-qti-test" xml:base="res00038"/><resource bb:file="res00039.dat"
   bb:title="SAMPLE: Orientation Survey" identifier="res00039" type="assessment/x-bb-qti-survey"
   xml:base="res00039"/><resource bb:file="res00040.dat" bb:title="Assessment Creation Settings" identifier="res00040"
   type="course/x-bb-courseassessmentcreationsettings" xml:base="res00040"/><resource bb:file="res00041.dat"
   bb:title="How To Use Announcements" identifier="res00041" type="resource/x-bb-announcement"
   xml:base="res00041"/><resource bb:file="res00042.dat" bb:title="Conferences" identifier="res00042"
   type="resource/x-bb-conference" xml:base="res00042"/><resource bb:file="res00043.dat" bb:title="Introduction"
   identifier="res00043" type="resource/x-bb-discussionboard" xml:base="res00043"/><resource bb:file="res00044.dat"
   bb:title="Need Help/Give Help" identifier="res00044" type="resource/x-bb-discussionboard"
   xml:base="res00044"/><resource bb:file="res00045.dat" bb:title="Course Related Information" identifier="res00045"
   type="resource/x-bb-discussionboard" xml:base="res00045"/><resource bb:file="res00046.dat" bb:title="Cyber Cafe"
   identifier="res00046" type="resource/x-bb-discussionboard" xml:base="res00046"/><resource bb:file="res00047.dat"
   bb:title="About Discussions" identifier="res00047" type="resource/x-bb-discussionboard"
   xml:base="res00047"/><resource bb:file="res00048.dat" bb:title="First_Name Last_Name" identifier="res00048"
   type="resource/x-bb-staffinfo" xml:base="res00048"/><resource bb:file="res00049.dat" bb:title="--TOP--"
   identifier="res00049" type="resource/x-bb-document" xml:base="res00049"/><resource bb:file="res00050.dat"
   bb:title="Instructions" identifier="res00050" type="resource/x-bb-document" xml:base="res00050"/><resource
   bb:file="res00051.dat" bb:title="Edit Personal Information and Profile" identifier="res00051"
   type="resource/x-bb-document" xml:base="res00051"/><resource bb:file="res00052.dat" bb:title="Welcome Letter"
   identifier="res00052" type="resource/x-bb-document" xml:base="res00052"/><resource bb:file="res00053.dat"
   bb:title="Critical Path" identifier="res00053" type="resource/x-bb-document" xml:base="res00053"/><resource
   bb:file="res00054.dat" bb:title="Add Course Outline Here" identifier="res00054" type="resource/x-bb-document"
   xml:base="res00054"/><resource bb:file="res00055.dat" bb:title="Instructor Contact Information" identifier="res00055"
   type="resource/x-bb-document" xml:base="res00055"/><resource bb:file="res00056.dat" bb:title="Copyright"
   identifier="res00056" type="resource/x-bb-document" xml:base="res00056"/><resource bb:file="res00057.dat"
   bb:title="Netiquette &amp; Accessible Use Policy" identifier="res00057" type="resource/x-bb-document"
   xml:base="res00057"/><resource bb:file="res00058.dat" bb:title="What To Do Next?" identifier="res00058"
   type="resource/x-bb-document" xml:base="res00058"/><resource bb:file="res00059.dat"
   bb:title="Sample Course Templates" identifier="res00059" type="resource/x-bb-document" xml:base="res00059"/><resource
   bb:file="res00060.dat" bb:title="Module Template" identifier="res00060" type="resource/x-bb-document"
   xml:base="res00060"/><resource bb:file="res00061.dat" bb:title="Professor's Notes" identifier="res00061"
   type="resource/x-bb-document" xml:base="res00061"/><resource bb:file="res00062.dat" bb:title="Next Steps"
   identifier="res00062" type="resource/x-bb-document" xml:base="res00062"/><resource bb:file="res00063.dat"
   bb:title="Activities Template" identifier="res00063" type="resource/x-bb-document" xml:base="res00063"/><resource
   bb:file="res00064.dat" bb:title="--TOP--" identifier="res00064" type="resource/x-bb-document"
   xml:base="res00064"/><resource bb:file="res00065.dat" bb:title="About Learning Modules" identifier="res00065"
   type="resource/x-bb-document" xml:base="res00065"/><resource bb:file="res00066.dat" bb:title="Module 1"
   identifier="res00066" type="resource/x-bb-document" xml:base="res00066"/><resource bb:file="res00067.dat"
   bb:title="Module 2" identifier="res00067" type="resource/x-bb-document" xml:base="res00067"/><resource
   bb:file="res00068.dat" bb:title="Module 3" identifier="res00068" type="resource/x-bb-document"
   xml:base="res00068"/><resource bb:file="res00069.dat" bb:title="Module 4" identifier="res00069"
   type="resource/x-bb-document" xml:base="res00069"/><resource bb:file="res00070.dat" bb:title="Module 5"
   identifier="res00070" type="resource/x-bb-document" xml:base="res00070"/><resource bb:file="res00071.dat"
   bb:title="Module 6" identifier="res00071" type="resource/x-bb-document" xml:base="res00071"/><resource
   bb:file="res00072.dat" bb:title="Module 7" identifier="res00072" type="resource/x-bb-document"
   xml:base="res00072"/><resource bb:file="res00073.dat" bb:title="Module 8" identifier="res00073"
   type="resource/x-bb-document" xml:base="res00073"/><resource bb:file="res00074.dat" bb:title="Module 9"
   identifier="res00074" type="resource/x-bb-document" xml:base="res00074"/><resource bb:file="res00075.dat"
   bb:title="Module 10" identifier="res00075" type="resource/x-bb-document" xml:base="res00075"/><resource
   bb:file="res00076.dat" bb:title="Module 11" identifier="res00076" type="resource/x-bb-document"
   xml:base="res00076"/><resource bb:file="res00077.dat" bb:title="Module 12" identifier="res00077"
   type="resource/x-bb-document" xml:base="res00077"/><resource bb:file="res00078.dat" bb:title="Module 13"
   identifier="res00078" type="resource/x-bb-document" xml:base="res00078"/><resource bb:file="res00079.dat"
   bb:title="Module 14" identifier="res00079" type="resource/x-bb-document" xml:base="res00079"/><resource
   bb:file="res00080.dat" bb:title="Module 15" identifier="res00080" type="resource/x-bb-document"
   xml:base="res00080"/><resource bb:file="res00081.dat" bb:title="About Learning Module" identifier="res00081"
   type="resource/x-bb-document" xml:base="res00081"/><resource bb:file="res00082.dat" bb:title="How To"
   identifier="res00082" type="resource/x-bb-document" xml:base="res00082"/><resource bb:file="res00083.dat"
   bb:title="--TOP--" identifier="res00083" type="resource/x-bb-document" xml:base="res00083"/><resource
   bb:file="res00084.dat" bb:title="Course Readings" identifier="res00084" type="resource/x-bb-document"
   xml:base="res00084"/><resource bb:file="res00085.dat" bb:title="What Can Be Added to the Course Readings Folder?"
   identifier="res00085" type="resource/x-bb-document" xml:base="res00085"/><resource bb:file="res00086.dat"
   bb:title="About Course Readings" identifier="res00086" type="resource/x-bb-document" xml:base="res00086"/><resource
   bb:file="res00087.dat" bb:title="--TOP--" identifier="res00087" type="resource/x-bb-document"
   xml:base="res00087"/><resource bb:file="res00088.dat" bb:title="Research &amp; Cite Resources" identifier="res00088"
   type="resource/x-bb-document" xml:base="res00088"/><resource bb:file="res00089.dat" bb:title="--TOP--"
   identifier="res00089" type="resource/x-bb-document" xml:base="res00089"/><resource bb:file="res00090.dat"
   bb:title="Humber Student Resources" identifier="res00090" type="resource/x-bb-document"
   xml:base="res00090"/><resource bb:file="res00091.dat" bb:title="Humber Faculty Resources" identifier="res00091"
   type="resource/x-bb-document" xml:base="res00091"/><resource bb:file="res00092.dat" bb:title="--TOP--"
   identifier="res00092" type="resource/x-bb-document" xml:base="res00092"/><resource bb:file="res00093.dat"
   bb:title="About Assessments" identifier="res00093" type="resource/x-bb-document" xml:base="res00093"/><resource
   bb:file="res00094.dat" bb:title="SAMPLE: Test 1" identifier="res00094" type="resource/x-bb-document"
   xml:base="res00094"/><resource bb:file="res00095.dat" bb:title="About Assessments" identifier="res00095"
   type="resource/x-bb-document" xml:base="res00095"/><resource bb:file="res00096.dat" bb:title="How To"
   identifier="res00096" type="resource/x-bb-document" xml:base="res00096"/><resource bb:file="res00097.dat"
   bb:title="--TOP--" identifier="res00097" type="resource/x-bb-document" xml:base="res00097"/><resource
   bb:file="res00098.dat" bb:title="How to Submit an Assignment in Blackboard Learn" identifier="res00098"
   type="resource/x-bb-document" xml:base="res00098"/><resource bb:file="res00099.dat" bb:title="About Assignments"
   identifier="res00099" type="resource/x-bb-document" xml:base="res00099"/><resource bb:file="res00100.dat"
   bb:title="About Assignments" identifier="res00100" type="resource/x-bb-document" xml:base="res00100"/><resource
   bb:file="res00101.dat" bb:title="How To" identifier="res00101" type="resource/x-bb-document"
   xml:base="res00101"/><resource bb:file="res00102.dat" bb:title="Course Module Pages" identifier="res00102"
   type="course/x-bb-coursemodulepages" xml:base="res00102"/><resource bb:file="res00103.dat" bb:title="LearnRubrics"
   identifier="res00103" type="course/x-bb-rubrics" xml:base="res00103"/><resource bb:file="res00104.dat"
   bb:title="Gradebook" identifier="res00104" type="course/x-bb-gradebook" xml:base="res00104"/><resource
   bb:file="res00105.dat" bb:title="Course Assessment" identifier="res00105" type="course/x-bb-courseassessment"
   xml:base="res00105"/><resource bb:file="res00106.dat" bb:title="" identifier="res00106" type="resource/x-bb-link"
   xml:base="res00106"/><resource bb:file="res00107.dat" bb:title="" identifier="res00107" type="resource/x-bb-link"
   xml:base="res00107"/><resource bb:file="res00108.dat" bb:title="SAMPLE: Test 1" identifier="res00108"
   type="resource/x-bb-link" xml:base="res00108"/><resource bb:file="res00109.dat" bb:title="CSResourceLinks"
   identifier="res00109" type="course/x-bb-csresourcelinks" xml:base="res00109"/><resource bb:file="res00110.dat"
   bb:title="CourseRubricAssociation" identifier="res00110" type="course/x-bb-crsrubricassocation" xml:base="res00110"/></resources></manifest>
