<?xml version="1.0" encoding="utf-8"?>
<Cu3ox>
<Settings>
  <imageWidth>640</imageWidth>
  <imageHeight>360</imageHeight>
  <segments>5</segments>
  <tweenTime>1.2</tweenTime>
  <tweenDelay>0.1</tweenDelay>
  <tweenType>easeInOutBack</tweenType>
  <zDistance>0</zDistance>
  <expand>20</expand>
  <innerColor>0x111111</innerColor>
  <textBackground>0x333333</textBackground>
  <startBackground>0xcccccc</startBackground>
  <noLogo>0</noLogo>
  <shadowDarkness>100</shadowDarkness>
  <textDistance>3</textDistance>
  <autoplay>7</autoplay>
  <rDirection>random</rDirection>
  <borderRadius>16</borderRadius>
  <descriptionWidth>610</descriptionWidth>
  <descriptionHeight>60</descriptionHeight>
  <descriptionOffset>290</descriptionOffset>
  <descriptionType>upDown</descriptionType>
  <logoText>cu3ox.com</logoText>
  <logoLink>http://cu3ox.com</logoLink>
  <noShadow>0</noShadow>
  <showControls>true</showControls>
  <startLogo></startLogo>
  <loop>1</loop>
  <sound>engine/History-weInterruptThisBroadcastJapanSurrenderswwiiEnds1945_64kb.mp3</sound>
</Settings>
<Image Filename="640pxcastle_romeo.jpg">
<Settings>
<goLink></goLink>
<rDirection>random</rDirection>
<segments>5</segments>
</Settings>
<Text>
<headline>Atomic Bomb</headline>
<paragraph>Devastating Effects of the atomic bomb</paragraph>
</Text>
</Image>
<Image Filename="atomiceffectsp34b.jpg">
<Settings>
<goLink></goLink>
<rDirection>random</rDirection>
<segments>5</segments>
</Settings>
<Text>
<headline>Atomic Effects</headline>
<paragraph>Devastating Effects of the atomic bomb</paragraph>
</Text>
</Image>
<Image Filename="ww2mapinfographbycontinent1.jpg">
<Settings>
<goLink></goLink>
<rDirection>random</rDirection>
<segments>5</segments>
</Settings>
<Text>
<headline>WWII Casualties</headline>
<paragraph></paragraph>
</Text>
</Image>
<Image Filename="nagasaki_temple_destroyed.jpg">
<Settings>
<goLink></goLink>
<rDirection>random</rDirection>
<segments>5</segments>
</Settings>
<Text>
<headline>Nagasaki temple destroyed</headline>
<paragraph></paragraph>
</Text>
</Image>
<Image Filename="atomic_bombing_of_japan.jpg">
<Settings>
<goLink></goLink>
<rDirection>random</rDirection>
<segments>5</segments>
</Settings>
<Text>
<headline>Atomic bombing of Japan</headline>
<paragraph></paragraph>
</Text>
</Image>
<Image Filename="ww2mapinfographbycontinent1__copy.jpg">
<Settings>
<goLink></goLink>
<rDirection>random</rDirection>
<segments>5</segments>
</Settings>
<Text>
<headline>WWII Casualties</headline>
<paragraph></paragraph>
</Text>
</Image>
<Image Filename="640pxjapan_map_hiroshima_nagasaki.jpg">
<Settings>
<goLink></goLink>
<rDirection>random</rDirection>
<segments>5</segments>
</Settings>
<Text>
<headline>Japan map Hiroshima Nagasaki</headline>
<paragraph></paragraph>
</Text>
</Image>
<Image Filename="640pxnagasaki_1945__before_and_after_adjusted.jpg">
<Settings>
<goLink></goLink>
<rDirection>random</rDirection>
<segments>5</segments>
</Settings>
<Text>
<headline>Nagasaki 1945 Before and After</headline>
<paragraph></paragraph>
</Text>
</Image>
<Image Filename="enolagayafterstrike.jpg">
<Settings>
<goLink></goLink>
<rDirection>random</rDirection>
<segments>15</segments>
</Settings>
<Text>
<headline>Enola-gay-after-strike</headline>
<paragraph></paragraph>
</Text>
</Image>
<Image Filename="1024pxb29_enola_gay_w_crews.jpg">
<Settings>
<goLink></goLink>
<rDirection>random</rDirection>
<segments>5</segments>
</Settings>
<Text>
<headline>B-29 Enola Gay Crews</headline>
<paragraph></paragraph>
</Text>
</Image>
<Image Filename="640pxatombombe_little_boy_2.jpg">
<Settings>
<goLink></goLink>
<rDirection>random</rDirection>
<segments>5</segments>
</Settings>
<Text>
<headline>Atom bombe Little Boy 2</headline>
<paragraph></paragraph>
</Text>
</Image>
<Image Filename="atomiceffectshiroshima.jpg">
<Settings>
<goLink></goLink>
<rDirection>random</rDirection>
<segments>15</segments>
</Settings>
<Text>
<headline>Atomic Effects - Hiroshima</headline>
<paragraph></paragraph>
</Text>
</Image>
<Image Filename="hiroshima_aftermath.jpg">
<Settings>
<goLink></goLink>
<rDirection>random</rDirection>
<segments>5</segments>
</Settings>
<Text>
<headline>Hiroshima aftermath</headline>
<paragraph></paragraph>
</Text>
</Image>
<Image Filename="hiroshima_dome_1945.jpg">
<Settings>
<goLink></goLink>
<rDirection>random</rDirection>
<segments>5</segments>
</Settings>
<Text>
<headline>Hiroshima Dome 1945</headline>
<paragraph></paragraph>
</Text>
</Image>
<Image Filename="ww2mapinfographbycontinent1_0.jpg">
<Settings>
<goLink></goLink>
<rDirection>random</rDirection>
<segments>56</segments>
</Settings>
<Text>
<headline>WWII Casualties</headline>
<paragraph></paragraph>
</Text>
</Image>
</Cu3ox>