<?xml version="1.0" encoding="UTF-8"?>
<manifest identifier="man00001" xmlns:bb="http://www.blackboard.com/content-packaging/"><organizations
   default="toc00001"><organization identifier="toc00001"><item identifier="itm00001"
    identifierref="res00005"><title>Home Page</title></item><item identifier="itm00002"
    identifierref="res00006"><title>*| What's New |*</title></item><item identifier="itm00003"
    identifierref="res00007"><title>divider_1355261450895</title></item><item identifier="itm00004"
    identifierref="res00008"><title>TEACHER GALLERY</title></item><item identifier="itm00005"
    identifierref="res00009"><title>divider_1366821590548</title></item><item identifier="itm00006"
     identifierref="res00010"><title>Assessments</title><item identifier="itm00026"
      identifierref="res00061"><title>--TOP--</title><item identifier="itm00027"
      identifierref="res00062"><title>Basic Test</title></item><item identifier="itm00028"
      identifierref="res00063"><title>Mobile Quiz</title></item><item identifier="itm00029"
    identifierref="res00064"><title>Milestone</title></item></item></item><item identifier="itm00007"
     identifierref="res00011"><title>Assignments</title><item identifier="itm00030"
      identifierref="res00065"><title>--TOP--</title><item identifier="itm00031"
      identifierref="res00066"><title>Basic Assignment</title></item><item identifier="itm00032"
      identifierref="res00067"><title>Safe Assignment</title></item><item identifier="itm00033"
      identifierref="res00068"><title>Gold Assignment</title></item><item identifier="itm00034"
    identifierref="res00069"><title>Group Assignment</title></item></item></item><item identifier="itm00008"
    identifierref="res00012"><title>Blogs</title></item><item identifier="itm00009"
    identifierref="res00013"><title>Course Messages</title></item><item identifier="itm00010"
    identifierref="res00014"><title>Discussion Boards</title></item><item identifier="itm00011"
    identifierref="res00015"><title>Collaborate Web Lectures</title></item><item identifier="itm00012"
    identifierref="res00016"><title>Wikis</title></item><item identifier="itm00013"
     identifierref="res00017"><title>Tweets</title><item identifier="itm00035"
      identifierref="res00070"><title>--TOP--</title><item identifier="itm00036"
    identifierref="res00071"><title>Tweets From SCAPA</title></item></item></item><item identifier="itm00014"
    identifierref="res00018"><title>Journals</title></item><item identifier="itm00015"
    identifierref="res00019"><title>divider_1361990736478</title></item><item identifier="itm00016"
    identifierref="res00020"><title>TUTORIALS &amp; RESOURCES</title></item><item identifier="itm00017"
    identifierref="res00021"><title>divider_1355326737410</title></item><item identifier="itm00018"
     identifierref="res00022"><title>Getting Started</title><item identifier="itm00037"
      identifierref="res00072"><title>--TOP--</title><item identifier="itm00038"
      identifierref="res00073"><title>Instructions</title></item><item identifier="itm00039"
      identifierref="res00074"><title>Welcome Letter</title></item><item identifier="itm00040"
      identifierref="res00075"><title>Critical Path</title></item><item identifier="itm00041"
      identifierref="res00076"><title>Copyright</title></item><item identifier="itm00042"
    identifierref="res00077"><title>Netiquette &amp; Acceptable Use Policy</title></item></item></item><item
    identifier="itm00019" identifierref="res00023"><title>Tools</title><item identifier="itm00043"
      identifierref="res00078"><title>--TOP--</title><item identifier="itm00044"
       identifierref="res00079"><title>Blackboard Tools</title><item identifier="itm00046"
       identifierref="res00081"><title>Welcome to the Toolshed!</title></item><item identifier="itm00048"
        identifierref="res00083"><title>Communication Tools</title><item identifier="itm00051"
         identifierref="res00086"><title>Discussion Boards</title><item identifier="itm00057"
        identifierref="res00092"><title>Basic Discussion</title></item></item><item identifier="itm00053"
         identifierref="res00088"><title>Blogs</title><item identifier="itm00059"
         identifierref="res00094"><title>Blogs</title></item><item identifier="itm00063"
         identifierref="res00098"><title>Basic Blog Example</title></item><item identifier="itm00066"
         identifierref="res00101"><title>Intermediate Blog Example</title></item><item identifier="itm00070"
        identifierref="res00105"><title>Advanced Blog Example</title></item></item><item identifier="itm00054"
         identifierref="res00089"><title>Wikis</title><item identifier="itm00058"
         identifierref="res00093"><title>Wikis</title></item><item identifier="itm00062"
         identifierref="res00097"><title>Basic Wiki Example</title></item><item identifier="itm00065"
         identifierref="res00100"><title>Intermediate Wiki Example</title></item><item identifier="itm00069"
        identifierref="res00104"><title>Advanced Wiki Example</title></item></item><item identifier="itm00055"
       identifierref="res00090"><title>Journals</title></item></item><item identifier="itm00049"
        identifierref="res00084"><title>Diagnostic Tools</title><item identifier="itm00050"
         identifierref="res00085"><title>Assessments</title><item identifier="itm00060"
         identifierref="res00095"><title>Assessments</title></item><item identifier="itm00061"
         identifierref="res00096"><title>Basic Test Example</title></item><item identifier="itm00067"
         identifierref="res00102"><title>Intermediate Test Example</title></item><item identifier="itm00071"
        identifierref="res00106"><title>Advanced Test Example</title></item></item><item identifier="itm00052"
         identifierref="res00087"><title>Assignments</title><item identifier="itm00056"
         identifierref="res00091"><title>Creating Assignments</title></item><item identifier="itm00064"
         identifierref="res00099"><title>Basic Assignment Example</title></item><item identifier="itm00068"
         identifierref="res00103"><title>Intermediate Assignment Example</title></item><item identifier="itm00072"
      identifierref="res00107"><title>Advanced Assignment Example</title></item></item></item></item><item
      identifier="itm00045" identifierref="res00080"><title>Gold Standard Gallery</title><item identifier="itm00047"
    identifierref="res00082"><title>Drag Into Preference</title></item></item></item></item><item identifier="itm00020"
     identifierref="res00024"><title>Editor Tutorials</title><item identifier="itm00073"
      identifierref="res00108"><title>--TOP--</title><item identifier="itm00074"
       identifierref="res00109"><title>BlackBoard Editor/Making Pages</title><item identifier="itm00077"
       identifierref="res00112"><title>Welcome to the Editor Tutorials!</title></item><item identifier="itm00079"
        identifierref="res00114"><title>Basic</title><item identifier="itm00086"
         identifierref="res00121"><title>Level 1 - Your First Page</title><item identifier="itm00102"
         identifierref="res00137"><title>Level 1 - Text</title></item><item identifier="itm00112"
         identifierref="res00147"><title>Level 1 - Hyperlinks</title></item><item identifier="itm00114"
        identifierref="res00149"><title>Level 1 - Putting it Together</title></item></item><item identifier="itm00090"
         identifierref="res00125"><title>Level 2 - Basic Elements</title><item identifier="itm00107"
         identifierref="res00142"><title>Level 2 - Simple Images &amp; Lines</title></item><item identifier="itm00108"
        identifierref="res00143"><title>Level 2 - Attachments &amp; Embedded Video</title></item></item><item
        identifier="itm00093" identifierref="res00128"><title>Level 3 - Basic Templates</title><item
         identifier="itm00106" identifierref="res00141"><title>Level 3 - Template Example</title></item><item
         identifier="itm00110" identifierref="res00145"><title>Level 3 - Template In Use</title></item></item><item
        identifier="itm00096" identifierref="res00131"><title>Level 4 - Tables &amp; Backgrounds</title><item
         identifier="itm00105" identifierref="res00140"><title>Level 4 - Tables Explained</title></item><item
         identifier="itm00111" identifierref="res00146"><title>Level 4 - Table Example</title></item><item
         identifier="itm00113" identifierref="res00148"><title>Level 4 - Backgrounds</title></item></item><item
        identifier="itm00099" identifierref="res00134"><title>Level 5 - Putting It Together</title><item
         identifier="itm00104"
       identifierref="res00139"><title>Level 5 - BlackBoard's Best</title></item></item></item><item
       identifier="itm00081" identifierref="res00116"><title>Intermediate</title><item identifier="itm00089"
         identifierref="res00124"><title>Level 6 - Creating Boxes</title><item identifier="itm00103"
         identifierref="res00138"><title>Level 6 - Boxes With Colour</title></item><item identifier="itm00109"
         identifierref="res00144"><title>Level 6 - Boxes With Text</title></item><item identifier="itm00115"
        identifierref="res00150"><title>Level 6 - Boxes With Images</title></item></item><item identifier="itm00092"
        identifierref="res00127"><title>Module 7</title></item><item identifier="itm00095"
        identifierref="res00130"><title>Module 8</title></item><item identifier="itm00098"
        identifierref="res00133"><title>Module 9</title></item><item identifier="itm00100"
       identifierref="res00135"><title>Module 10</title></item></item><item identifier="itm00083"
        identifierref="res00118"><title>Advanced</title><item identifier="itm00088"
        identifierref="res00123"><title>Level 11</title></item><item identifier="itm00091"
        identifierref="res00126"><title>Level 12</title></item><item identifier="itm00094"
        identifierref="res00129"><title>Level 13</title></item><item identifier="itm00097"
        identifierref="res00132"><title>Level 14</title></item><item identifier="itm00101"
      identifierref="res00136"><title>Level 15</title></item></item></item><item identifier="itm00075"
       identifierref="res00110"><title>Sample Course Templates</title><item identifier="itm00076"
       identifierref="res00111"><title>Introduction Template</title></item><item identifier="itm00078"
       identifierref="res00113"><title>Professor's Notes</title></item><item identifier="itm00080"
       identifierref="res00115"><title>Next Steps</title></item><item identifier="itm00082"
       identifierref="res00117"><title>Activities Template</title></item><item identifier="itm00084"
        identifierref="res00119"><title>Module 9: Vital Statistics Act</title><item identifier="itm00087"
       identifierref="res00122"><title>Vital Statistics Act</title></item></item><item identifier="itm00085"
    identifierref="res00120"><title>Sample</title></item></item></item></item><item identifier="itm00021"
     identifierref="res00025"><title>External Resources</title><item identifier="itm00116"
      identifierref="res00151"><title>--TOP--</title><item identifier="itm00117"
      identifierref="res00152"><title>BlackBoard 9.1 onDemand Learning Center</title></item><item identifier="itm00118"
      identifierref="res00153"><title>BlackBoard 9.1 Accessibility Guidelines</title></item><item identifier="itm00119"
      identifierref="res00154"><title>Standard Template Resources</title></item><item identifier="itm00120"
    identifierref="res00155"><title>Research &amp; Cite</title></item></item></item><item identifier="itm00022"
     identifierref="res00026"><title>Fun Add-Ons</title><item identifier="itm00121"
      identifierref="res00156"><title>--TOP--</title><item identifier="itm00122"
      identifierref="res00157"><title>All the Odds and Ends</title></item><item identifier="itm00123"
      identifierref="res00158"><title>Custom Cursors Page</title></item><item identifier="itm00124"
      identifierref="res00159"><title>Picture Progression - Formatting Images</title></item><item identifier="itm00125"
       identifierref="res00160"><title>Learning Objects</title><item identifier="itm00126"
       identifierref="res00161"><title>Adobe Edge - Rollover each professor</title></item><item identifier="itm00127"
       identifierref="res00162"><title>Cursor</title></item><item identifier="itm00128"
       identifierref="res00163"><title>Edge Animate - Gossip</title></item><item identifier="itm00129"
    identifierref="res00164"><title>Storyline - Prepare Closing Entries - Self study Drag &amp; Drop</title></item></item></item></item><item
    identifier="itm00023" identifierref="res00027"><title>Background Video Example</title><item identifier="itm00130"
    identifierref="res00165"><title>Background Video Example</title></item></item><item
     identifier="itm00024"><title>placeholder/staff-info</title><item identifier="itm00025"
   identifierref="res00060"><title>First_Name Last_Name</title></item></item></organization></organizations><resources><resource
   bb:file="res00001.dat" bb:title=".DEV_gold-master_warren_s13" identifier="res00001" type="course/x-bb-coursesetting"
   xml:base="res00001"/><resource bb:file="res00002.dat" bb:title="Learning Standard Sub Document Associations"
   identifier="res00002" type="course/x-bb-subdocassociation" xml:base="res00002"/><resource bb:file="res00003.dat"
   bb:title="Course Application Settings" identifier="res00003" type="course/x-bb-courseappsetting"
   xml:base="res00003"/><resource bb:file="res00004.dat" bb:title="Course Navigation Settings" identifier="res00004"
   type="course/x-bb-coursenavsetting" xml:base="res00004"/><resource bb:file="res00005.dat" bb:title="Home Page"
   identifier="res00005" type="course/x-bb-coursetoc" xml:base="res00005"/><resource bb:file="res00006.dat"
   bb:title="*| What's New |*" identifier="res00006" type="course/x-bb-coursetoc" xml:base="res00006"/><resource
   bb:file="res00007.dat" bb:title="divider_1355261450895" identifier="res00007" type="course/x-bb-coursetoc"
   xml:base="res00007"/><resource bb:file="res00008.dat" bb:title="TEACHER GALLERY" identifier="res00008"
   type="course/x-bb-coursetoc" xml:base="res00008"/><resource bb:file="res00009.dat" bb:title="divider_1366821590548"
   identifier="res00009" type="course/x-bb-coursetoc" xml:base="res00009"/><resource bb:file="res00010.dat"
   bb:title="Assessments" identifier="res00010" type="course/x-bb-coursetoc" xml:base="res00010"/><resource
   bb:file="res00011.dat" bb:title="Assignments" identifier="res00011" type="course/x-bb-coursetoc"
   xml:base="res00011"/><resource bb:file="res00012.dat" bb:title="Blogs" identifier="res00012"
   type="course/x-bb-coursetoc" xml:base="res00012"/><resource bb:file="res00013.dat" bb:title="Course Messages"
   identifier="res00013" type="course/x-bb-coursetoc" xml:base="res00013"/><resource bb:file="res00014.dat"
   bb:title="Discussion Boards" identifier="res00014" type="course/x-bb-coursetoc" xml:base="res00014"/><resource
   bb:file="res00015.dat" bb:title="Collaborate Web Lectures" identifier="res00015" type="course/x-bb-coursetoc"
   xml:base="res00015"/><resource bb:file="res00016.dat" bb:title="Wikis" identifier="res00016"
   type="course/x-bb-coursetoc" xml:base="res00016"/><resource bb:file="res00017.dat" bb:title="Tweets"
   identifier="res00017" type="course/x-bb-coursetoc" xml:base="res00017"/><resource bb:file="res00018.dat"
   bb:title="Journals" identifier="res00018" type="course/x-bb-coursetoc" xml:base="res00018"/><resource
   bb:file="res00019.dat" bb:title="divider_1361990736478" identifier="res00019" type="course/x-bb-coursetoc"
   xml:base="res00019"/><resource bb:file="res00020.dat" bb:title="TUTORIALS &amp; RESOURCES" identifier="res00020"
   type="course/x-bb-coursetoc" xml:base="res00020"/><resource bb:file="res00021.dat" bb:title="divider_1355326737410"
   identifier="res00021" type="course/x-bb-coursetoc" xml:base="res00021"/><resource bb:file="res00022.dat"
   bb:title="Getting Started" identifier="res00022" type="course/x-bb-coursetoc" xml:base="res00022"/><resource
   bb:file="res00023.dat" bb:title="Tools" identifier="res00023" type="course/x-bb-coursetoc"
   xml:base="res00023"/><resource bb:file="res00024.dat" bb:title="Editor Tutorials" identifier="res00024"
   type="course/x-bb-coursetoc" xml:base="res00024"/><resource bb:file="res00025.dat" bb:title="External Resources"
   identifier="res00025" type="course/x-bb-coursetoc" xml:base="res00025"/><resource bb:file="res00026.dat"
   bb:title="Fun Add-Ons" identifier="res00026" type="course/x-bb-coursetoc" xml:base="res00026"/><resource
   bb:file="res00027.dat" bb:title="Background Video Example" identifier="res00027" type="course/x-bb-coursetoc"
   xml:base="res00027"/><resource bb:file="res00028.dat" bb:title="Content Handler Data" identifier="res00028"
   type="course/x-bb-contenthandler" xml:base="res00028"/><resource bb:file="res00029.dat" bb:title="Groups"
   identifier="res00029" type="course/x-bb-group" xml:base="res00029"/><resource bb:file="res00030.dat"
   bb:title="Available Group Tools" identifier="res00030" type="course/x-bb-availgrouptool"
   xml:base="res00030"/><resource bb:file="res00031.dat" bb:title="Advanced Blog Example" identifier="res00031"
   type="resource/x-bb-blog" xml:base="res00031"/><resource bb:file="res00032.dat" bb:title="Basic Blog Example"
   identifier="res00032" type="resource/x-bb-blog" xml:base="res00032"/><resource bb:file="res00033.dat"
   bb:title="Intermediate Blog Example" identifier="res00033" type="resource/x-bb-blog" xml:base="res00033"/><resource
   bb:file="res00034.dat" bb:title="Basic Test" identifier="res00034" type="assessment/x-bb-qti-test"
   xml:base="res00034"/><resource bb:file="res00035.dat" bb:title="Basic Test Example" identifier="res00035"
   type="assessment/x-bb-qti-test" xml:base="res00035"/><resource bb:file="res00036.dat"
   bb:title="Intermediate Test Example" identifier="res00036" type="assessment/x-bb-qti-test"
   xml:base="res00036"/><resource bb:file="res00037.dat" bb:title="Advanced Test Example" identifier="res00037"
   type="assessment/x-bb-qti-test" xml:base="res00037"/><resource bb:file="res00038.dat" bb:title="Chapter 1 Quiz"
   identifier="res00038" type="assessment/x-bb-qti-test" xml:base="res00038"/><resource bb:file="res00039.dat"
   bb:title="Mobile Quiz" identifier="res00039" type="assessment/x-bb-qti-test" xml:base="res00039"><file
   href="0e8de9f00b2b4eb0bf121007fb86c356/620E7EEB4B19A4F699B929CDBBF7DE7A1054841640779123137-540x100.png"/></resource><resource
   bb:file="res00040.dat" bb:title="tesst" identifier="res00040" type="assessment/x-bb-qti-test"
   xml:base="res00040"/><resource bb:file="res00041.dat" bb:title="SAMPLE: Orientation Survey" identifier="res00041"
   type="assessment/x-bb-qti-survey" xml:base="res00041"/><resource bb:file="res00042.dat"
   bb:title="Level 2 Common Survey" identifier="res00042" type="assessment/x-bb-qti-survey"
   xml:base="res00042"/><resource bb:file="res00043.dat" bb:title="Assessment Creation Settings" identifier="res00043"
   type="course/x-bb-courseassessmentcreationsettings" xml:base="res00043"/><resource bb:file="res00044.dat"
   bb:title="Home Page Lead-In Created" identifier="res00044" type="resource/x-bb-announcement"
   xml:base="res00044"/><resource bb:file="res00045.dat" bb:title="Our Learners" identifier="res00045"
   type="resource/x-bb-announcement" xml:base="res00045"/><resource bb:file="res00046.dat"
   bb:title="Gold Master Site Launch" identifier="res00046" type="resource/x-bb-announcement"
   xml:base="res00046"/><resource bb:file="res00047.dat" bb:title="DEV_gold-master_warren_s13" identifier="res00047"
   type="resource/x-bb-calendar" xml:base="res00047"/><resource bb:file="res00048.dat" bb:title="Readings Wk 1"
   identifier="res00048" type="resource/x-bb-task" xml:base="res00048"/><resource bb:file="res00049.dat"
   bb:title="Conferences" identifier="res00049" type="resource/x-bb-conference" xml:base="res00049"/><resource
   bb:file="res00050.dat" bb:title="Introduction" identifier="res00050" type="resource/x-bb-discussionboard"
   xml:base="res00050"/><resource bb:file="res00051.dat" bb:title="Need Help/Give Help" identifier="res00051"
   type="resource/x-bb-discussionboard" xml:base="res00051"/><resource bb:file="res00052.dat"
   bb:title="Assessments and Assignments" identifier="res00052" type="resource/x-bb-discussionboard"
   xml:base="res00052"/><resource bb:file="res00053.dat" bb:title="Course Related Information" identifier="res00053"
   type="resource/x-bb-discussionboard" xml:base="res00053"/><resource bb:file="res00054.dat" bb:title="Cyber Cafe"
   identifier="res00054" type="resource/x-bb-discussionboard" xml:base="res00054"/><resource bb:file="res00055.dat"
   bb:title="About Discussions" identifier="res00055" type="resource/x-bb-discussionboard"
   xml:base="res00055"/><resource bb:file="res00056.dat" bb:title="Sample Basic Technology/Blackboard Q&amp;A"
   identifier="res00056" type="resource/x-bb-discussionboard" xml:base="res00056"/><resource bb:file="res00057.dat"
   bb:title="Sample Basic Discussion Board: Two Faces of Facebook" identifier="res00057"
   type="resource/x-bb-discussionboard" xml:base="res00057"/><resource bb:file="res00058.dat"
   bb:title="Sample Intermediate Discussion Board" identifier="res00058" type="resource/x-bb-discussionboard"
   xml:base="res00058"/><resource bb:file="res00059.dat" bb:title="SAMPLE: Glacier Melt" identifier="res00059"
   type="resource/x-bb-discussionboard" xml:base="res00059"/><resource bb:file="res00060.dat"
   bb:title="First_Name Last_Name" identifier="res00060" type="resource/x-bb-staffinfo" xml:base="res00060"/><resource
   bb:file="res00061.dat" bb:title="--TOP--" identifier="res00061" type="resource/x-bb-document"
   xml:base="res00061"/><resource bb:file="res00062.dat" bb:title="Basic Test" identifier="res00062"
   type="resource/x-bb-document" xml:base="res00062"/><resource bb:file="res00063.dat" bb:title="Mobile Quiz"
   identifier="res00063" type="resource/x-bb-document" xml:base="res00063"/><resource bb:file="res00064.dat"
   bb:title="Milestone" identifier="res00064" type="resource/x-bb-document" xml:base="res00064"/><resource
   bb:file="res00065.dat" bb:title="--TOP--" identifier="res00065" type="resource/x-bb-document"
   xml:base="res00065"/><resource bb:file="res00066.dat" bb:title="Basic Assignment" identifier="res00066"
   type="resource/x-bb-document" xml:base="res00066"/><resource bb:file="res00067.dat" bb:title="Safe Assignment"
   identifier="res00067" type="resource/x-bb-document" xml:base="res00067"/><resource bb:file="res00068.dat"
   bb:title="Gold Assignment" identifier="res00068" type="resource/x-bb-document" xml:base="res00068"/><resource
   bb:file="res00069.dat" bb:title="Group Assignment" identifier="res00069" type="resource/x-bb-document"
   xml:base="res00069"/><resource bb:file="res00070.dat" bb:title="--TOP--" identifier="res00070"
   type="resource/x-bb-document" xml:base="res00070"/><resource bb:file="res00071.dat" bb:title="Tweets From SCAPA"
   identifier="res00071" type="resource/x-bb-document" xml:base="res00071"/><resource bb:file="res00072.dat"
   bb:title="--TOP--" identifier="res00072" type="resource/x-bb-document" xml:base="res00072"/><resource
   bb:file="res00073.dat" bb:title="Instructions" identifier="res00073" type="resource/x-bb-document"
   xml:base="res00073"/><resource bb:file="res00074.dat" bb:title="Welcome Letter" identifier="res00074"
   type="resource/x-bb-document" xml:base="res00074"/><resource bb:file="res00075.dat" bb:title="Critical Path"
   identifier="res00075" type="resource/x-bb-document" xml:base="res00075"/><resource bb:file="res00076.dat"
   bb:title="Copyright" identifier="res00076" type="resource/x-bb-document" xml:base="res00076"/><resource
   bb:file="res00077.dat" bb:title="Netiquette &amp; Acceptable Use Policy" identifier="res00077"
   type="resource/x-bb-document" xml:base="res00077"/><resource bb:file="res00078.dat" bb:title="--TOP--"
   identifier="res00078" type="resource/x-bb-document" xml:base="res00078"/><resource bb:file="res00079.dat"
   bb:title="Blackboard Tools" identifier="res00079" type="resource/x-bb-document" xml:base="res00079"/><resource
   bb:file="res00080.dat" bb:title="Gold Standard Gallery" identifier="res00080" type="resource/x-bb-document"
   xml:base="res00080"/><resource bb:file="res00081.dat" bb:title="Welcome to the Toolshed!" identifier="res00081"
   type="resource/x-bb-document" xml:base="res00081"/><resource bb:file="res00082.dat" bb:title="Drag Into Preference"
   identifier="res00082" type="resource/x-bb-document" xml:base="res00082"/><resource bb:file="res00083.dat"
   bb:title="Communication Tools" identifier="res00083" type="resource/x-bb-document" xml:base="res00083"/><resource
   bb:file="res00084.dat" bb:title="Diagnostic Tools" identifier="res00084" type="resource/x-bb-document"
   xml:base="res00084"/><resource bb:file="res00085.dat" bb:title="Assessments" identifier="res00085"
   type="resource/x-bb-document" xml:base="res00085"/><resource bb:file="res00086.dat" bb:title="Discussion Boards"
   identifier="res00086" type="resource/x-bb-document" xml:base="res00086"/><resource bb:file="res00087.dat"
   bb:title="Assignments" identifier="res00087" type="resource/x-bb-document" xml:base="res00087"/><resource
   bb:file="res00088.dat" bb:title="Blogs" identifier="res00088" type="resource/x-bb-document"
   xml:base="res00088"/><resource bb:file="res00089.dat" bb:title="Wikis" identifier="res00089"
   type="resource/x-bb-document" xml:base="res00089"/><resource bb:file="res00090.dat" bb:title="Journals"
   identifier="res00090" type="resource/x-bb-document" xml:base="res00090"/><resource bb:file="res00091.dat"
   bb:title="Creating Assignments" identifier="res00091" type="resource/x-bb-document" xml:base="res00091"/><resource
   bb:file="res00092.dat" bb:title="Basic Discussion" identifier="res00092" type="resource/x-bb-document"
   xml:base="res00092"/><resource bb:file="res00093.dat" bb:title="Wikis" identifier="res00093"
   type="resource/x-bb-document" xml:base="res00093"/><resource bb:file="res00094.dat" bb:title="Blogs"
   identifier="res00094" type="resource/x-bb-document" xml:base="res00094"/><resource bb:file="res00095.dat"
   bb:title="Assessments" identifier="res00095" type="resource/x-bb-document" xml:base="res00095"/><resource
   bb:file="res00096.dat" bb:title="Basic Test Example" identifier="res00096" type="resource/x-bb-document"
   xml:base="res00096"/><resource bb:file="res00097.dat" bb:title="Basic Wiki Example" identifier="res00097"
   type="resource/x-bb-document" xml:base="res00097"/><resource bb:file="res00098.dat" bb:title="Basic Blog Example"
   identifier="res00098" type="resource/x-bb-document" xml:base="res00098"/><resource bb:file="res00099.dat"
   bb:title="Basic Assignment Example" identifier="res00099" type="resource/x-bb-document"
   xml:base="res00099"/><resource bb:file="res00100.dat" bb:title="Intermediate Wiki Example" identifier="res00100"
   type="resource/x-bb-document" xml:base="res00100"/><resource bb:file="res00101.dat"
   bb:title="Intermediate Blog Example" identifier="res00101" type="resource/x-bb-document"
   xml:base="res00101"/><resource bb:file="res00102.dat" bb:title="Intermediate Test Example" identifier="res00102"
   type="resource/x-bb-document" xml:base="res00102"/><resource bb:file="res00103.dat"
   bb:title="Intermediate Assignment Example" identifier="res00103" type="resource/x-bb-document"
   xml:base="res00103"/><resource bb:file="res00104.dat" bb:title="Advanced Wiki Example" identifier="res00104"
   type="resource/x-bb-document" xml:base="res00104"/><resource bb:file="res00105.dat" bb:title="Advanced Blog Example"
   identifier="res00105" type="resource/x-bb-document" xml:base="res00105"/><resource bb:file="res00106.dat"
   bb:title="Advanced Test Example" identifier="res00106" type="resource/x-bb-document" xml:base="res00106"/><resource
   bb:file="res00107.dat" bb:title="Advanced Assignment Example" identifier="res00107" type="resource/x-bb-document"
   xml:base="res00107"/><resource bb:file="res00108.dat" bb:title="--TOP--" identifier="res00108"
   type="resource/x-bb-document" xml:base="res00108"/><resource bb:file="res00109.dat"
   bb:title="BlackBoard Editor/Making Pages" identifier="res00109" type="resource/x-bb-document"
   xml:base="res00109"/><resource bb:file="res00110.dat" bb:title="Sample Course Templates" identifier="res00110"
   type="resource/x-bb-document" xml:base="res00110"/><resource bb:file="res00111.dat" bb:title="Introduction Template"
   identifier="res00111" type="resource/x-bb-document" xml:base="res00111"/><resource bb:file="res00112.dat"
   bb:title="Welcome to the Editor Tutorials!" identifier="res00112" type="resource/x-bb-document"
   xml:base="res00112"/><resource bb:file="res00113.dat" bb:title="Professor's Notes" identifier="res00113"
   type="resource/x-bb-document" xml:base="res00113"/><resource bb:file="res00114.dat" bb:title="Basic"
   identifier="res00114" type="resource/x-bb-document" xml:base="res00114"/><resource bb:file="res00115.dat"
   bb:title="Next Steps" identifier="res00115" type="resource/x-bb-document" xml:base="res00115"/><resource
   bb:file="res00116.dat" bb:title="Intermediate" identifier="res00116" type="resource/x-bb-document"
   xml:base="res00116"/><resource bb:file="res00117.dat" bb:title="Activities Template" identifier="res00117"
   type="resource/x-bb-document" xml:base="res00117"/><resource bb:file="res00118.dat" bb:title="Advanced"
   identifier="res00118" type="resource/x-bb-document" xml:base="res00118"/><resource bb:file="res00119.dat"
   bb:title="Module 9: Vital Statistics Act" identifier="res00119" type="resource/x-bb-document"
   xml:base="res00119"/><resource bb:file="res00120.dat" bb:title="Sample" identifier="res00120"
   type="resource/x-bb-document" xml:base="res00120"/><resource bb:file="res00121.dat"
   bb:title="Level 1 - Your First Page" identifier="res00121" type="resource/x-bb-document"
   xml:base="res00121"/><resource bb:file="res00122.dat" bb:title="Vital Statistics Act" identifier="res00122"
   type="resource/x-bb-document" xml:base="res00122"/><resource bb:file="res00123.dat" bb:title="Level 11"
   identifier="res00123" type="resource/x-bb-document" xml:base="res00123"/><resource bb:file="res00124.dat"
   bb:title="Level 6 - Creating Boxes" identifier="res00124" type="resource/x-bb-document"
   xml:base="res00124"/><resource bb:file="res00125.dat" bb:title="Level 2 - Basic Elements" identifier="res00125"
   type="resource/x-bb-document" xml:base="res00125"/><resource bb:file="res00126.dat" bb:title="Level 12"
   identifier="res00126" type="resource/x-bb-document" xml:base="res00126"/><resource bb:file="res00127.dat"
   bb:title="Module 7" identifier="res00127" type="resource/x-bb-document" xml:base="res00127"/><resource
   bb:file="res00128.dat" bb:title="Level 3 - Basic Templates" identifier="res00128" type="resource/x-bb-document"
   xml:base="res00128"/><resource bb:file="res00129.dat" bb:title="Level 13" identifier="res00129"
   type="resource/x-bb-document" xml:base="res00129"/><resource bb:file="res00130.dat" bb:title="Module 8"
   identifier="res00130" type="resource/x-bb-document" xml:base="res00130"/><resource bb:file="res00131.dat"
   bb:title="Level 4 - Tables &amp; Backgrounds" identifier="res00131" type="resource/x-bb-document"
   xml:base="res00131"/><resource bb:file="res00132.dat" bb:title="Level 14" identifier="res00132"
   type="resource/x-bb-document" xml:base="res00132"/><resource bb:file="res00133.dat" bb:title="Module 9"
   identifier="res00133" type="resource/x-bb-document" xml:base="res00133"/><resource bb:file="res00134.dat"
   bb:title="Level 5 - Putting It Together" identifier="res00134" type="resource/x-bb-document"
   xml:base="res00134"/><resource bb:file="res00135.dat" bb:title="Module 10" identifier="res00135"
   type="resource/x-bb-document" xml:base="res00135"/><resource bb:file="res00136.dat" bb:title="Level 15"
   identifier="res00136" type="resource/x-bb-document" xml:base="res00136"/><resource bb:file="res00137.dat"
   bb:title="Level 1 - Text" identifier="res00137" type="resource/x-bb-document" xml:base="res00137"/><resource
   bb:file="res00138.dat" bb:title="Level 6 - Boxes With Colour" identifier="res00138" type="resource/x-bb-document"
   xml:base="res00138"/><resource bb:file="res00139.dat" bb:title="Level 5 - BlackBoard's Best" identifier="res00139"
   type="resource/x-bb-document" xml:base="res00139"/><resource bb:file="res00140.dat"
   bb:title="Level 4 - Tables Explained" identifier="res00140" type="resource/x-bb-document"
   xml:base="res00140"/><resource bb:file="res00141.dat" bb:title="Level 3 - Template Example" identifier="res00141"
   type="resource/x-bb-document" xml:base="res00141"/><resource bb:file="res00142.dat"
   bb:title="Level 2 - Simple Images &amp; Lines" identifier="res00142" type="resource/x-bb-document"
   xml:base="res00142"/><resource bb:file="res00143.dat" bb:title="Level 2 - Attachments &amp; Embedded Video"
   identifier="res00143" type="resource/x-bb-document" xml:base="res00143"/><resource bb:file="res00144.dat"
   bb:title="Level 6 - Boxes With Text" identifier="res00144" type="resource/x-bb-document"
   xml:base="res00144"/><resource bb:file="res00145.dat" bb:title="Level 3 - Template In Use" identifier="res00145"
   type="resource/x-bb-document" xml:base="res00145"/><resource bb:file="res00146.dat"
   bb:title="Level 4 - Table Example" identifier="res00146" type="resource/x-bb-document" xml:base="res00146"/><resource
   bb:file="res00147.dat" bb:title="Level 1 - Hyperlinks" identifier="res00147" type="resource/x-bb-document"
   xml:base="res00147"/><resource bb:file="res00148.dat" bb:title="Level 4 - Backgrounds" identifier="res00148"
   type="resource/x-bb-document" xml:base="res00148"/><resource bb:file="res00149.dat"
   bb:title="Level 1 - Putting it Together" identifier="res00149" type="resource/x-bb-document"
   xml:base="res00149"/><resource bb:file="res00150.dat" bb:title="Level 6 - Boxes With Images" identifier="res00150"
   type="resource/x-bb-document" xml:base="res00150"/><resource bb:file="res00151.dat" bb:title="--TOP--"
   identifier="res00151" type="resource/x-bb-document" xml:base="res00151"/><resource bb:file="res00152.dat"
   bb:title="BlackBoard 9.1 onDemand Learning Center" identifier="res00152" type="resource/x-bb-document"
   xml:base="res00152"/><resource bb:file="res00153.dat" bb:title="BlackBoard 9.1 Accessibility Guidelines"
   identifier="res00153" type="resource/x-bb-document" xml:base="res00153"/><resource bb:file="res00154.dat"
   bb:title="Standard Template Resources" identifier="res00154" type="resource/x-bb-document"
   xml:base="res00154"/><resource bb:file="res00155.dat" bb:title="Research &amp; Cite" identifier="res00155"
   type="resource/x-bb-document" xml:base="res00155"/><resource bb:file="res00156.dat" bb:title="--TOP--"
   identifier="res00156" type="resource/x-bb-document" xml:base="res00156"/><resource bb:file="res00157.dat"
   bb:title="All the Odds and Ends" identifier="res00157" type="resource/x-bb-document" xml:base="res00157"/><resource
   bb:file="res00158.dat" bb:title="Custom Cursors Page" identifier="res00158" type="resource/x-bb-document"
   xml:base="res00158"/><resource bb:file="res00159.dat" bb:title="Picture Progression - Formatting Images"
   identifier="res00159" type="resource/x-bb-document" xml:base="res00159"/><resource bb:file="res00160.dat"
   bb:title="Learning Objects" identifier="res00160" type="resource/x-bb-document" xml:base="res00160"/><resource
   bb:file="res00161.dat" bb:title="Adobe Edge - Rollover each professor" identifier="res00161"
   type="resource/x-bb-document" xml:base="res00161"/><resource bb:file="res00162.dat" bb:title="Cursor"
   identifier="res00162" type="resource/x-bb-document" xml:base="res00162"/><resource bb:file="res00163.dat"
   bb:title="Edge Animate - Gossip" identifier="res00163" type="resource/x-bb-document" xml:base="res00163"/><resource
   bb:file="res00164.dat" bb:title="Storyline - Prepare Closing Entries - Self study Drag &amp; Drop"
   identifier="res00164" type="resource/x-bb-document" xml:base="res00164"/><resource bb:file="res00165.dat"
   bb:title="Background Video Example" identifier="res00165" type="resource/x-bb-document"
   xml:base="res00165"/><resource bb:file="res00166.dat" bb:title="Course Module Pages" identifier="res00166"
   type="course/x-bb-coursemodulepages" xml:base="res00166"><file href="_10156_1/embedded/tools(1).png"/><file
   href="_10156_1/embedded/fun add-ons(1).png"/></resource><resource bb:file="res00167.dat" bb:title="LearnRubrics"
   identifier="res00167" type="course/x-bb-rubrics" xml:base="res00167"/><resource bb:file="res00168.dat"
   bb:title="Gradebook" identifier="res00168" type="course/x-bb-gradebook" xml:base="res00168"/><resource
   bb:file="res00169.dat" bb:title="Course Assessment" identifier="res00169" type="course/x-bb-courseassessment"
   xml:base="res00169"/><resource bb:file="res00170.dat" bb:title="Course Assessment" identifier="res00170"
   type="course/x-bb-courseassessment" xml:base="res00170"/><resource bb:file="res00171.dat"
   bb:title="Course Assessment" identifier="res00171" type="course/x-bb-courseassessment" xml:base="res00171"/><resource
   bb:file="res00172.dat" bb:title="Course Assessment" identifier="res00172" type="course/x-bb-courseassessment"
   xml:base="res00172"/><resource bb:file="res00173.dat" bb:title="Course Assessment" identifier="res00173"
   type="course/x-bb-courseassessment" xml:base="res00173"/><resource bb:file="res00174.dat"
   bb:title="Collaboration Sessions" identifier="res00174" type="course/x-bb-collabsession"
   xml:base="res00174"/><resource bb:file="res00175.dat" bb:title="" identifier="res00175" type="resource/x-bb-link"
   xml:base="res00175"/><resource bb:file="res00176.dat" bb:title="Basic Test" identifier="res00176"
   type="resource/x-bb-link" xml:base="res00176"/><resource bb:file="res00177.dat" bb:title="Basic Test Example"
   identifier="res00177" type="resource/x-bb-link" xml:base="res00177"/><resource bb:file="res00178.dat" bb:title=""
   identifier="res00178" type="resource/x-bb-link" xml:base="res00178"/><resource bb:file="res00179.dat"
   bb:title="Intermediate Test Example" identifier="res00179" type="resource/x-bb-link" xml:base="res00179"/><resource
   bb:file="res00180.dat" bb:title="Advanced Test Example" identifier="res00180" type="resource/x-bb-link"
   xml:base="res00180"/><resource bb:file="res00181.dat" bb:title="" identifier="res00181" type="resource/x-bb-link"
   xml:base="res00181"/><resource bb:file="res00182.dat" bb:title="" identifier="res00182" type="resource/x-bb-link"
   xml:base="res00182"/><resource bb:file="res00183.dat" bb:title="" identifier="res00183" type="resource/x-bb-link"
   xml:base="res00183"/><resource bb:file="res00184.dat" bb:title="Mobile Quiz" identifier="res00184"
   type="resource/x-bb-link" xml:base="res00184"/><resource bb:file="res00185.dat" bb:title="Rule 1"
   identifier="res00185" type="course/x-bb-availability-rule" xml:base="res00185"/><resource bb:file="res00186.dat"
   bb:title="CSResourceLinks" identifier="res00186" type="course/x-bb-csresourcelinks" xml:base="res00186"/><resource
   bb:file="res00187.dat" bb:title="CourseRubricAssociation" identifier="res00187"
   type="course/x-bb-crsrubricassocation" xml:base="res00187"/><resource bb:file="res00188.dat"
   bb:title=".DEV_gold-master_warren_s13" identifier="res00188" type="resource/x-mhhe-course-cx"
   xml:base="res00188"/><resource bb:file="res00189.dat" bb:title="Advanced Wiki Example" identifier="res00189"
   type="resource/x-bb-wiki" xml:base="res00189"/><resource bb:file="res00190.dat" bb:title="Basic Wiki Example"
   identifier="res00190" type="resource/x-bb-wiki" xml:base="res00190"/><resource bb:file="res00191.dat"
   bb:title="BlackBoard Gold Master Wiki" identifier="res00191" type="resource/x-bb-wiki" xml:base="res00191"/><resource
   bb:file="res00192.dat" bb:title="Intermediate Wiki Example" identifier="res00192" type="resource/x-bb-wiki" xml:base="res00192"/></resources></manifest>
